,JPM,RY.TO,8058.T,BA,LMT,NVDA,MSFT.O,SAND.K,VLO,SIEGn.DE
JPM,1.0,0.22410118673412383,-0.01615683410312636,0.6122264938266161,0.21271942606652539,0.3423299750647922,0.4338981673094906,-0.19083565278194567,0.39848316115290117,0.1831112467707596
RY.TO,0.22410118673412383,1.0,-0.04420532881916659,0.2698971573504873,0.11675921279755123,0.2118661836269864,0.4657603004890943,-0.24793955331849427,0.16455989070971258,-0.1112246285430666
8058.T,-0.01615683410312636,-0.04420532881916659,1.0,-0.03468993452217544,-0.0626385740112017,-0.1392730391200596,-0.11154170274835057,0.020249377516058594,-0.05411679652993575,0.16031709473734299
BA,0.6122264938266161,0.2698971573504873,-0.03468993452217544,1.0,0.12872847920268776,0.33475116411226236,0.4470238611235476,-0.18473723270829773,0.28313239240700677,0.1293017179637861
LMT,0.21271942606652539,0.11675921279755123,-0.0626385740112017,0.12872847920268776,1.0,-0.025815478352726105,0.20564493623112404,-0.1189392678609935,0.21327091996462422,-0.19510035174084053
NVDA,0.3423299750647922,0.2118661836269864,-0.1392730391200596,0.33475116411226236,-0.025815478352726105,1.0,0.5690907414662223,-0.20988590974324714,0.2783337058313292,0.23784383176904242
MSFT.O,0.4338981673094906,0.4657603004890943,-0.11154170274835057,0.4470238611235476,0.20564493623112404,0.5690907414662223,1.0,-0.354825562387907,0.3607379907105844,0.005192414154455979
SAND.K,-0.19083565278194567,-0.24793955331849427,0.020249377516058594,-0.18473723270829773,-0.1189392678609935,-0.20988590974324714,-0.354825562387907,1.0,-0.16164920661105928,0.27083441181740125
VLO,0.39848316115290117,0.16455989070971258,-0.05411679652993575,0.28313239240700677,0.21327091996462422,0.2783337058313292,0.3607379907105844,-0.16164920661105928,1.0,0.019822074644519776
SIEGn.DE,0.1831112467707596,-0.1112246285430666,0.16031709473734299,0.1293017179637861,-0.19510035174084053,0.23784383176904242,0.005192414154455979,0.27083441181740125,0.019822074644519776,1.0
