,JPM,RY.TO,8058.T,BA,LMT,NVDA,MSFT.O,SAND.K,VLO
JPM,1.0,0.2288864636670522,-0.021477493435523267,0.6157296913360325,0.2181387514330319,0.3519209749185858,0.43390715703165206,-0.19299166651537566,0.39707267443570127
RY.TO,0.2288864636670522,1.0,-0.051167482824732366,0.2740400901933439,0.12159570839588377,0.22009546377386613,0.4700842060421125,-0.24796301170333312,0.16788067788387606
8058.T,-0.021477493435523267,-0.051167482824732366,1.0,-0.04162792103816661,-0.07075959518650105,-0.15485551397402061,-0.12846047817354736,0.018539535811628125,-0.0620509040937347
BA,0.6157296913360325,0.2740400901933439,-0.04162792103816661,1.0,0.13148575583864933,0.341464952062407,0.44534375742453924,-0.18754191136379486,0.2823290932412645
LMT,0.2181387514330319,0.12159570839588377,-0.07075959518650105,0.13148575583864933,1.0,-0.01454054961203013,0.20756321176546524,-0.12177240196196099,0.21339833241957007
NVDA,0.3519209749185858,0.22009546377386613,-0.15485551397402061,0.341464952062407,-0.01454054961203013,1.0,0.5704600491138387,-0.21025316606091143,0.2798741093717859
MSFT.O,0.43390715703165206,0.4700842060421125,-0.12846047817354736,0.44534375742453924,0.20756321176546524,0.5704600491138387,1.0,-0.35024048733790636,0.36576316884372445
SAND.K,-0.19299166651537566,-0.24796301170333312,0.018539535811628125,-0.18754191136379486,-0.12177240196196099,-0.21025316606091143,-0.35024048733790636,1.0,-0.16037508666586353
VLO,0.39707267443570127,0.16788067788387606,-0.0620509040937347,0.2823290932412645,0.21339833241957007,0.2798741093717859,0.36576316884372445,-0.16037508666586353,1.0
